year,month,day,adults,bookings,season
2015,August,1,1,9,Summer
2015,August,1,2,48,Summer
2015,August,1,3,3,Summer
2015,August,2,1,5,Summer
2015,August,2,2,33,Summer
2015,August,2,3,5,Summer
2015,August,3,1,8,Summer
2015,August,3,2,60,Summer
2015,August,3,3,5,Summer
2015,August,4,1,4,Summer
2015,August,4,2,34,Summer
2015,August,4,3,1,Summer
2015,August,5,1,13,Summer
2015,August,5,2,69,Summer
2015,August,5,3,8,Summer
2015,August,6,1,9,Summer
2015,August,6,2,37,Summer
2015,August,6,3,2,Summer
2015,August,7,1,5,Summer
2015,August,7,2,69,Summer
2015,August,7,3,3,Summer
2015,August,8,1,10,Summer
2015,August,8,2,92,Summer
2015,August,8,3,4,Summer
2015,August,9,0,1,Summer
2015,August,9,1,4,Summer
2015,August,9,2,64,Summer
2015,August,9,3,2,Summer
2015,August,10,0,2,Summer
2015,August,10,1,5,Summer
2015,August,10,2,115,Summer
2015,August,10,3,5,Summer
2015,August,10,4,1,Summer
2015,August,11,0,3,Summer
2015,August,11,1,15,Summer
2015,August,11,2,71,Summer
2015,August,12,1,11,Summer
2015,August,12,2,70,Summer
2015,August,12,3,2,Summer
2015,August,13,1,1,Summer
2015,August,13,2,48,Summer
2015,August,13,3,4,Summer
2015,August,14,1,19,Summer
2015,August,14,2,93,Summer
2015,August,14,3,7,Summer
2015,August,15,1,8,Summer
2015,August,15,2,87,Summer
2015,August,15,3,6,Summer
2015,August,16,0,1,Summer
2015,August,16,1,17,Summer
2015,August,16,2,52,Summer
2015,August,16,3,3,Summer
2015,August,16,4,1,Summer
2015,August,17,1,12,Summer
2015,August,17,2,93,Summer
2015,August,17,3,3,Summer
2015,August,18,1,8,Summer
2015,August,18,2,57,Summer
2015,August,18,3,3,Summer
2015,August,19,1,7,Summer
2015,August,19,2,46,Summer
2015,August,19,3,5,Summer
2015,August,20,1,6,Summer
2015,August,20,2,51,Summer
2015,August,20,3,3,Summer
2015,August,21,1,4,Summer
2015,August,21,2,55,Summer
2015,August,21,3,3,Summer
2015,August,22,1,5,Summer
2015,August,22,2,69,Summer
2015,August,22,3,6,Summer
2015,August,23,1,13,Summer
2015,August,23,2,45,Summer
2015,August,23,3,4,Summer
2015,August,24,1,8,Summer
2015,August,24,2,72,Summer
2015,August,24,3,4,Summer
2015,August,25,1,11,Summer
2015,August,25,2,54,Summer
2015,August,25,3,2,Summer
2015,August,26,0,1,Summer
2015,August,26,1,14,Summer
2015,August,26,2,54,Summer
2015,August,26,3,4,Summer
2015,August,27,0,1,Summer
2015,August,27,1,2,Summer
2015,August,27,2,35,Summer
2015,August,27,3,1,Summer
2015,August,28,0,1,Summer
2015,August,28,1,2,Summer
2015,August,28,2,53,Summer
2015,August,28,3,3,Summer
2015,August,29,1,9,Summer
2015,August,29,2,76,Summer
2015,August,29,3,4,Summer
2015,August,30,1,7,Summer
2015,August,30,2,37,Summer
2015,August,30,3,5,Summer
2015,August,31,1,19,Summer
2015,August,31,2,58,Summer
2015,August,31,3,1,Summer
2015,August,31,4,1,Summer
2015,December,1,1,31,Winter
2015,December,1,2,14,Winter
2015,December,2,1,31,Winter
2015,December,2,2,20,Winter
2015,December,2,3,1,Winter
2015,December,3,1,24,Winter
2015,December,3,2,34,Winter
2015,December,3,3,1,Winter
2015,December,4,0,1,Winter
2015,December,4,1,7,Winter
2015,December,4,2,66,Winter
2015,December,4,3,2,Winter
2015,December,5,1,29,Winter
2015,December,5,2,212,Winter
2015,December,5,3,14,Winter
2015,December,6,1,6,Winter
2015,December,6,2,38,Winter
2015,December,7,1,4,Winter
2015,December,7,2,19,Winter
2015,December,8,1,11,Winter
2015,December,8,2,12,Winter
2015,December,8,3,1,Winter
2015,December,9,1,29,Winter
2015,December,9,2,38,Winter
2015,December,9,3,1,Winter
2015,December,10,1,52,Winter
2015,December,10,2,24,Winter
2015,December,10,3,2,Winter
2015,December,11,0,1,Winter
2015,December,11,1,8,Winter
2015,December,11,2,33,Winter
2015,December,11,3,1,Winter
2015,December,12,1,9,Winter
2015,December,12,2,29,Winter
2015,December,12,3,2,Winter
2015,December,13,1,6,Winter
2015,December,13,2,9,Winter
2015,December,14,1,17,Winter
2015,December,14,2,19,Winter
2015,December,15,1,17,Winter
2015,December,15,2,9,Winter
2015,December,16,1,26,Winter
2015,December,16,2,14,Winter
2015,December,16,3,1,Winter
2015,December,17,1,21,Winter
2015,December,17,2,22,Winter
2015,December,18,0,1,Winter
2015,December,18,1,11,Winter
2015,December,18,2,28,Winter
2015,December,18,3,2,Winter
2015,December,19,1,1,Winter
2015,December,19,2,50,Winter
2015,December,19,3,3,Winter
2015,December,20,1,4,Winter
2015,December,20,2,23,Winter
2015,December,20,3,1,Winter
2015,December,21,1,8,Winter
2015,December,21,2,30,Winter
2015,December,22,0,1,Winter
2015,December,22,1,10,Winter
2015,December,22,2,42,Winter
2015,December,22,3,2,Winter
2015,December,23,0,1,Winter
2015,December,23,1,12,Winter
2015,December,23,2,38,Winter
2015,December,23,3,3,Winter
2015,December,24,0,4,Winter
2015,December,24,1,6,Winter
2015,December,24,2,55,Winter
2015,December,24,3,4,Winter
2015,December,25,1,4,Winter
2015,December,25,2,35,Winter
2015,December,25,3,1,Winter
2015,December,26,0,1,Winter
2015,December,26,2,79,Winter
2015,December,26,3,4,Winter
2015,December,27,1,7,Winter
2015,December,27,2,75,Winter
2015,December,27,3,1,Winter
2015,December,28,1,10,Winter
2015,December,28,2,61,Winter
2015,December,28,3,3,Winter
2015,December,29,1,12,Winter
2015,December,29,2,87,Winter
2015,December,29,3,2,Winter
2015,December,30,0,2,Winter
2015,December,30,1,18,Winter
2015,December,30,2,148,Winter
2015,December,30,3,3,Winter
2015,December,31,1,7,Winter
2015,December,31,2,75,Winter
2015,December,31,3,4,Winter
2015,July,1,1,22,Summer
2015,July,1,2,79,Summer
2015,July,1,3,2,Summer
2015,July,2,1,3,Summer
2015,July,2,2,31,Summer
2015,July,2,3,2,Summer
2015,July,3,1,3,Summer
2015,July,3,2,31,Summer
2015,July,3,3,3,Summer
2015,July,4,1,5,Summer
2015,July,4,2,37,Summer
2015,July,4,3,2,Summer
2015,July,4,4,1,Summer
2015,July,5,1,4,Summer
2015,July,5,2,31,Summer
2015,July,5,3,2,Summer
2015,July,6,1,3,Summer
2015,July,6,2,36,Summer
2015,July,6,3,2,Summer
2015,July,7,1,2,Summer
2015,July,7,2,24,Summer
2015,July,7,3,3,Summer
2015,July,8,1,5,Summer
2015,July,8,2,36,Summer
2015,July,8,3,4,Summer
2015,July,9,1,5,Summer
2015,July,9,2,19,Summer
2015,July,9,3,5,Summer
2015,July,10,1,1,Summer
2015,July,10,2,38,Summer
2015,July,10,3,3,Summer
2015,July,11,1,6,Summer
2015,July,11,2,51,Summer
2015,July,11,3,4,Summer
2015,July,12,2,37,Summer
2015,July,13,1,2,Summer
2015,July,13,2,35,Summer
2015,July,13,3,1,Summer
2015,July,13,4,1,Summer
2015,July,14,1,5,Summer
2015,July,14,2,17,Summer
2015,July,14,3,2,Summer
2015,July,15,1,5,Summer
2015,July,15,2,42,Summer
2015,July,15,3,7,Summer
2015,July,16,1,3,Summer
2015,July,16,2,37,Summer
2015,July,16,3,1,Summer
2015,July,17,1,24,Summer
2015,July,17,2,78,Summer
2015,July,17,3,4,Summer
2015,July,18,1,12,Summer
2015,July,18,2,60,Summer
2015,July,18,3,5,Summer
2015,July,19,1,2,Summer
2015,July,19,2,32,Summer
2015,July,19,3,2,Summer
2015,July,20,1,3,Summer
2015,July,20,2,49,Summer
2015,July,20,3,1,Summer
2015,July,21,1,1,Summer
2015,July,21,2,21,Summer
2015,July,21,3,5,Summer
2015,July,22,1,6,Summer
2015,July,22,2,32,Summer
2015,July,22,3,5,Summer
2015,July,23,0,1,Summer
2015,July,23,1,5,Summer
2015,July,23,2,58,Summer
2015,July,23,3,2,Summer
2015,July,24,1,2,Summer
2015,July,24,2,43,Summer
2015,July,24,3,4,Summer
2015,July,25,0,1,Summer
2015,July,25,1,13,Summer
2015,July,25,2,84,Summer
2015,July,25,3,3,Summer
2015,July,26,1,1,Summer
2015,July,26,2,28,Summer
2015,July,26,3,3,Summer
2015,July,27,1,6,Summer
2015,July,27,2,60,Summer
2015,July,27,3,7,Summer
2015,July,28,1,2,Summer
2015,July,28,2,24,Summer
2015,July,28,3,2,Summer
2015,July,29,1,4,Summer
2015,July,29,2,30,Summer
2015,July,30,1,6,Summer
2015,July,30,2,33,Summer
2015,July,30,3,2,Summer
2015,July,31,1,6,Summer
2015,July,31,2,44,Summer
2015,July,31,3,1,Summer
2015,November,1,1,7,Fall
2015,November,1,2,42,Fall
2015,November,2,1,16,Fall
2015,November,2,2,38,Fall
2015,November,2,3,1,Fall
2015,November,3,1,32,Fall
2015,November,3,2,31,Fall
2015,November,3,3,2,Fall
2015,November,4,1,19,Fall
2015,November,4,2,26,Fall
2015,November,5,1,21,Fall
2015,November,5,2,34,Fall
2015,November,6,1,23,Fall
2015,November,6,2,61,Fall
2015,November,7,1,25,Fall
2015,November,7,2,54,Fall
2015,November,7,3,1,Fall
2015,November,8,1,14,Fall
2015,November,8,2,31,Fall
2015,November,9,1,21,Fall
2015,November,9,2,23,Fall
2015,November,9,3,1,Fall
2015,November,10,1,13,Fall
2015,November,10,2,25,Fall
2015,November,10,3,1,Fall
2015,November,11,0,1,Fall
2015,November,11,1,27,Fall
2015,November,11,2,23,Fall
2015,November,12,1,20,Fall
2015,November,12,2,25,Fall
2015,November,13,1,4,Fall
2015,November,13,2,22,Fall
2015,November,13,3,1,Fall
2015,November,13,4,1,Fall
2015,November,14,1,6,Fall
2015,November,14,2,26,Fall
2015,November,14,3,1,Fall
2015,November,15,1,9,Fall
2015,November,15,2,15,Fall
2015,November,16,1,31,Fall
2015,November,16,2,30,Fall
2015,November,16,3,2,Fall
2015,November,17,1,45,Fall
2015,November,17,2,28,Fall
2015,November,17,3,1,Fall
2015,November,18,1,82,Fall
2015,November,18,2,79,Fall
2015,November,19,1,11,Fall
2015,November,19,2,33,Fall
2015,November,20,0,1,Fall
2015,November,20,1,72,Fall
2015,November,20,2,58,Fall
2015,November,20,3,2,Fall
2015,November,21,1,7,Fall
2015,November,21,2,72,Fall
2015,November,21,3,2,Fall
2015,November,22,1,11,Fall
2015,November,22,2,25,Fall
2015,November,23,1,104,Fall
2015,November,23,2,35,Fall
2015,November,23,3,1,Fall
2015,November,24,1,29,Fall
2015,November,24,2,34,Fall
2015,November,24,3,2,Fall
2015,November,25,1,27,Fall
2015,November,25,2,14,Fall
2015,November,25,3,1,Fall
2015,November,26,1,25,Fall
2015,November,26,2,23,Fall
2015,November,26,3,1,Fall
2015,November,27,1,38,Fall
2015,November,27,2,75,Fall
2015,November,27,3,1,Fall
2015,November,28,1,3,Fall
2015,November,28,2,42,Fall
2015,November,28,3,2,Fall
2015,November,29,1,5,Fall
2015,November,29,2,10,Fall
2015,November,30,0,1,Fall
2015,November,30,1,32,Fall
2015,November,30,2,14,Fall
2015,October,1,1,22,Fall
2015,October,1,2,63,Fall
2015,October,1,3,2,Fall
2015,October,2,1,115,Fall
2015,October,2,2,66,Fall
2015,October,2,3,2,Fall
2015,October,3,0,1,Fall
2015,October,3,1,13,Fall
2015,October,3,2,45,Fall
2015,October,3,3,1,Fall
2015,October,4,1,23,Fall
2015,October,4,2,91,Fall
2015,October,4,3,1,Fall
2015,October,5,1,23,Fall
2015,October,5,2,84,Fall
2015,October,5,3,1,Fall
2015,October,6,0,1,Fall
2015,October,6,1,26,Fall
2015,October,6,2,81,Fall
2015,October,6,3,2,Fall
2015,October,7,1,40,Fall
2015,October,7,2,88,Fall
2015,October,7,3,4,Fall
2015,October,8,1,13,Fall
2015,October,8,2,70,Fall
2015,October,8,3,1,Fall
2015,October,9,1,25,Fall
2015,October,9,2,104,Fall
2015,October,9,3,3,Fall
2015,October,10,1,11,Fall
2015,October,10,2,119,Fall
2015,October,10,3,1,Fall
2015,October,11,1,16,Fall
2015,October,11,2,52,Fall
2015,October,12,0,1,Fall
2015,October,12,1,65,Fall
2015,October,12,2,94,Fall
2015,October,12,3,1,Fall
2015,October,13,1,24,Fall
2015,October,13,2,65,Fall
2015,October,13,3,1,Fall
2015,October,14,0,1,Fall
2015,October,14,1,19,Fall
2015,October,14,2,49,Fall
2015,October,15,0,1,Fall
2015,October,15,1,71,Fall
2015,October,15,2,109,Fall
2015,October,15,3,7,Fall
2015,October,16,0,1,Fall
2015,October,16,1,20,Fall
2015,October,16,2,113,Fall
2015,October,17,1,5,Fall
2015,October,17,2,54,Fall
2015,October,17,3,3,Fall
2015,October,18,1,25,Fall
2015,October,18,2,68,Fall
2015,October,18,3,5,Fall
2015,October,19,1,56,Fall
2015,October,19,2,112,Fall
2015,October,19,3,2,Fall
2015,October,20,1,38,Fall
2015,October,20,2,52,Fall
2015,October,20,3,4,Fall
2015,October,21,1,37,Fall
2015,October,21,2,66,Fall
2015,October,22,1,10,Fall
2015,October,22,2,65,Fall
2015,October,22,3,1,Fall
2015,October,23,1,16,Fall
2015,October,23,2,69,Fall
2015,October,23,3,1,Fall
2015,October,24,0,1,Fall
2015,October,24,1,20,Fall
2015,October,24,2,39,Fall
2015,October,24,3,1,Fall
2015,October,25,1,17,Fall
2015,October,25,2,116,Fall
2015,October,25,3,2,Fall
2015,October,26,1,23,Fall
2015,October,26,2,37,Fall
2015,October,26,3,1,Fall
2015,October,27,1,23,Fall
2015,October,27,2,29,Fall
2015,October,28,1,30,Fall
2015,October,28,2,101,Fall
2015,October,28,3,2,Fall
2015,October,29,1,37,Fall
2015,October,29,2,39,Fall
2015,October,30,1,18,Fall
2015,October,30,2,50,Fall
2015,October,31,1,15,Fall
2015,October,31,2,81,Fall
2015,October,31,3,2,Fall
2015,September,1,1,13,Fall
2015,September,1,2,66,Fall
2015,September,1,3,3,Fall
2015,September,2,1,10,Fall
2015,September,2,2,61,Fall
2015,September,2,3,2,Fall
2015,September,3,1,13,Fall
2015,September,3,2,76,Fall
2015,September,4,1,60,Fall
2015,September,4,2,86,Fall
2015,September,4,3,4,Fall
2015,September,5,1,15,Fall
2015,September,5,2,75,Fall
2015,September,5,3,5,Fall
2015,September,6,1,16,Fall
2015,September,6,2,106,Fall
2015,September,6,3,5,Fall
2015,September,7,0,1,Fall
2015,September,7,1,19,Fall
2015,September,7,2,71,Fall
2015,September,7,3,1,Fall
2015,September,8,1,14,Fall
2015,September,8,2,56,Fall
2015,September,9,1,44,Fall
2015,September,9,2,90,Fall
2015,September,9,3,3,Fall
2015,September,10,1,10,Fall
2015,September,10,2,53,Fall
2015,September,10,3,1,Fall
2015,September,11,0,2,Fall
2015,September,11,1,41,Fall
2015,September,11,2,89,Fall
2015,September,11,3,1,Fall
2015,September,12,1,15,Fall
2015,September,12,2,85,Fall
2015,September,12,3,2,Fall
2015,September,13,1,6,Fall
2015,September,13,2,45,Fall
2015,September,14,1,21,Fall
2015,September,14,2,90,Fall
2015,September,14,3,2,Fall
2015,September,15,1,32,Fall
2015,September,15,2,46,Fall
2015,September,15,3,2,Fall
2015,September,16,1,28,Fall
2015,September,16,2,89,Fall
2015,September,16,3,2,Fall
2015,September,17,1,33,Fall
2015,September,17,2,104,Fall
2015,September,18,1,24,Fall
2015,September,18,2,113,Fall
2015,September,19,1,22,Fall
2015,September,19,2,93,Fall
2015,September,19,3,4,Fall
2015,September,20,1,20,Fall
2015,September,20,2,66,Fall
2015,September,20,3,1,Fall
2015,September,21,1,29,Fall
2015,September,21,2,118,Fall
2015,September,22,1,23,Fall
2015,September,22,2,64,Fall
2015,September,23,1,16,Fall
2015,September,23,2,95,Fall
2015,September,23,3,3,Fall
2015,September,24,0,1,Fall
2015,September,24,1,32,Fall
2015,September,24,2,62,Fall
2015,September,24,3,1,Fall
2015,September,25,1,71,Fall
2015,September,25,2,78,Fall
2015,September,25,3,3,Fall
2015,September,26,1,37,Fall
2015,September,26,2,47,Fall
2015,September,27,1,17,Fall
2015,September,27,2,34,Fall
2015,September,28,1,26,Fall
2015,September,28,2,38,Fall
2015,September,29,1,13,Fall
2015,September,29,2,51,Fall
2015,September,30,1,28,Fall
2015,September,30,2,74,Fall
2015,September,30,3,2,Fall
2016,April,1,0,1,Spring
2016,April,1,1,16,Spring
2016,April,1,2,52,Spring
2016,April,1,3,7,Spring
2016,April,1,4,1,Spring
2016,April,2,1,6,Spring
2016,April,2,2,59,Spring
2016,April,2,3,4,Spring
2016,April,3,1,12,Spring
2016,April,3,2,54,Spring
2016,April,3,3,2,Spring
2016,April,4,0,1,Spring
2016,April,4,1,53,Spring
2016,April,4,2,91,Spring
2016,April,4,3,6,Spring
2016,April,5,1,35,Spring
2016,April,5,2,47,Spring
2016,April,5,3,4,Spring
2016,April,6,1,39,Spring
2016,April,6,2,105,Spring
2016,April,6,3,4,Spring
2016,April,7,1,26,Spring
2016,April,7,2,87,Spring
2016,April,7,3,5,Spring
2016,April,8,0,1,Spring
2016,April,8,1,21,Spring
2016,April,8,2,100,Spring
2016,April,8,3,6,Spring
2016,April,9,1,36,Spring
2016,April,9,2,109,Spring
2016,April,9,3,5,Spring
2016,April,10,1,23,Spring
2016,April,10,2,52,Spring
2016,April,10,3,8,Spring
2016,April,11,1,39,Spring
2016,April,11,2,81,Spring
2016,April,11,3,7,Spring
2016,April,12,0,2,Spring
2016,April,12,1,20,Spring
2016,April,12,2,67,Spring
2016,April,12,3,4,Spring
2016,April,13,1,24,Spring
2016,April,13,2,80,Spring
2016,April,13,3,7,Spring
2016,April,13,4,1,Spring
2016,April,14,1,18,Spring
2016,April,14,2,57,Spring
2016,April,14,3,4,Spring
2016,April,15,1,11,Spring
2016,April,15,2,90,Spring
2016,April,15,3,6,Spring
2016,April,16,1,23,Spring
2016,April,16,2,89,Spring
2016,April,16,3,8,Spring
2016,April,17,1,11,Spring
2016,April,17,2,85,Spring
2016,April,17,3,3,Spring
2016,April,18,1,50,Spring
2016,April,18,2,111,Spring
2016,April,18,3,2,Spring
2016,April,19,1,27,Spring
2016,April,19,2,49,Spring
2016,April,19,3,2,Spring
2016,April,20,1,43,Spring
2016,April,20,2,100,Spring
2016,April,20,3,5,Spring
2016,April,21,1,14,Spring
2016,April,21,2,66,Spring
2016,April,21,3,9,Spring
2016,April,22,1,12,Spring
2016,April,22,2,111,Spring
2016,April,22,3,9,Spring
2016,April,23,1,11,Spring
2016,April,23,2,106,Spring
2016,April,23,3,3,Spring
2016,April,24,1,6,Spring
2016,April,24,2,70,Spring
2016,April,24,3,7,Spring
2016,April,25,1,15,Spring
2016,April,25,2,69,Spring
2016,April,25,3,9,Spring
2016,April,26,1,39,Spring
2016,April,26,2,90,Spring
2016,April,26,3,5,Spring
2016,April,27,0,1,Spring
2016,April,27,1,21,Spring
2016,April,27,2,80,Spring
2016,April,27,3,2,Spring
2016,April,28,1,31,Spring
2016,April,28,2,87,Spring
2016,April,28,3,6,Spring
2016,April,29,1,22,Spring
2016,April,29,2,111,Spring
2016,April,29,3,6,Spring
2016,April,30,0,2,Spring
2016,April,30,1,28,Spring
2016,April,30,2,110,Spring
2016,April,30,3,5,Spring
2016,August,1,1,13,Summer
2016,August,1,2,110,Summer
2016,August,1,3,21,Summer
2016,August,2,1,13,Summer
2016,August,2,2,72,Summer
2016,August,2,3,9,Summer
2016,August,3,0,1,Summer
2016,August,3,1,6,Summer
2016,August,3,2,87,Summer
2016,August,3,3,9,Summer
2016,August,4,0,2,Summer
2016,August,4,1,7,Summer
2016,August,4,2,78,Summer
2016,August,4,3,16,Summer
2016,August,4,4,1,Summer
2016,August,5,0,1,Summer
2016,August,5,1,5,Summer
2016,August,5,2,77,Summer
2016,August,5,3,7,Summer
2016,August,6,1,4,Summer
2016,August,6,2,84,Summer
2016,August,6,3,11,Summer
2016,August,6,4,1,Summer
2016,August,7,1,2,Summer
2016,August,7,2,75,Summer
2016,August,7,3,16,Summer
2016,August,8,1,5,Summer
2016,August,8,2,118,Summer
2016,August,8,3,19,Summer
2016,August,9,1,3,Summer
2016,August,9,2,74,Summer
2016,August,9,3,9,Summer
2016,August,10,1,4,Summer
2016,August,10,2,64,Summer
2016,August,10,3,8,Summer
2016,August,11,1,6,Summer
2016,August,11,2,77,Summer
2016,August,11,3,14,Summer
2016,August,12,1,18,Summer
2016,August,12,2,93,Summer
2016,August,12,3,8,Summer
2016,August,13,0,2,Summer
2016,August,13,1,3,Summer
2016,August,13,2,92,Summer
2016,August,13,3,17,Summer
2016,August,14,1,2,Summer
2016,August,14,2,84,Summer
2016,August,14,3,9,Summer
2016,August,15,0,2,Summer
2016,August,15,1,2,Summer
2016,August,15,2,100,Summer
2016,August,15,3,8,Summer
2016,August,16,0,2,Summer
2016,August,16,1,5,Summer
2016,August,16,2,85,Summer
2016,August,16,3,13,Summer
2016,August,17,0,1,Summer
2016,August,17,1,10,Summer
2016,August,17,2,70,Summer
2016,August,17,3,9,Summer
2016,August,17,4,1,Summer
2016,August,18,0,1,Summer
2016,August,18,1,20,Summer
2016,August,18,2,115,Summer
2016,August,18,3,7,Summer
2016,August,19,0,2,Summer
2016,August,19,1,6,Summer
2016,August,19,2,71,Summer
2016,August,19,3,13,Summer
2016,August,20,0,2,Summer
2016,August,20,1,9,Summer
2016,August,20,2,113,Summer
2016,August,20,3,13,Summer
2016,August,21,0,2,Summer
2016,August,21,1,4,Summer
2016,August,21,2,91,Summer
2016,August,21,3,15,Summer
2016,August,22,1,5,Summer
2016,August,22,2,87,Summer
2016,August,22,3,26,Summer
2016,August,22,4,1,Summer
2016,August,23,1,5,Summer
2016,August,23,2,60,Summer
2016,August,23,3,12,Summer
2016,August,24,1,13,Summer
2016,August,24,2,67,Summer
2016,August,24,3,12,Summer
2016,August,24,4,1,Summer
2016,August,25,0,2,Summer
2016,August,25,1,9,Summer
2016,August,25,2,80,Summer
2016,August,25,3,11,Summer
2016,August,26,1,12,Summer
2016,August,26,2,83,Summer
2016,August,26,3,11,Summer
2016,August,26,4,1,Summer
2016,August,27,0,3,Summer
2016,August,27,1,4,Summer
2016,August,27,2,64,Summer
2016,August,27,3,12,Summer
2016,August,28,1,4,Summer
2016,August,28,2,100,Summer
2016,August,28,3,12,Summer
2016,August,29,1,12,Summer
2016,August,29,2,91,Summer
2016,August,29,3,8,Summer
2016,August,30,1,9,Summer
2016,August,30,2,64,Summer
2016,August,30,3,14,Summer
2016,August,31,0,1,Summer
2016,August,31,1,10,Summer
2016,August,31,2,76,Summer
2016,August,31,3,7,Summer
2016,December,1,1,10,Winter
2016,December,1,2,64,Winter
2016,December,1,3,2,Winter
2016,December,2,0,1,Winter
2016,December,2,1,11,Winter
2016,December,2,2,101,Winter
2016,December,2,3,6,Winter
2016,December,3,0,1,Winter
2016,December,3,1,23,Winter
2016,December,3,2,91,Winter
2016,December,3,3,4,Winter
2016,December,4,1,8,Winter
2016,December,4,2,47,Winter
2016,December,4,3,1,Winter
2016,December,5,0,1,Winter
2016,December,5,1,35,Winter
2016,December,5,2,72,Winter
2016,December,5,3,3,Winter
2016,December,6,0,1,Winter
2016,December,6,1,21,Winter
2016,December,6,2,27,Winter
2016,December,6,3,6,Winter
2016,December,7,0,2,Winter
2016,December,7,1,13,Winter
2016,December,7,2,51,Winter
2016,December,7,3,6,Winter
2016,December,8,0,2,Winter
2016,December,8,1,19,Winter
2016,December,8,2,120,Winter
2016,December,8,3,12,Winter
2016,December,8,4,1,Winter
2016,December,9,1,14,Winter
2016,December,9,2,54,Winter
2016,December,9,3,1,Winter
2016,December,10,1,6,Winter
2016,December,10,2,61,Winter
2016,December,10,3,4,Winter
2016,December,11,1,5,Winter
2016,December,11,2,25,Winter
2016,December,11,3,1,Winter
2016,December,12,1,29,Winter
2016,December,12,2,26,Winter
2016,December,13,1,34,Winter
2016,December,13,2,31,Winter
2016,December,14,1,46,Winter
2016,December,14,2,20,Winter
2016,December,15,1,23,Winter
2016,December,15,2,26,Winter
2016,December,15,3,1,Winter
2016,December,16,0,1,Winter
2016,December,16,1,27,Winter
2016,December,16,2,50,Winter
2016,December,16,3,3,Winter
2016,December,17,1,20,Winter
2016,December,17,2,59,Winter
2016,December,17,3,3,Winter
2016,December,18,0,1,Winter
2016,December,18,1,8,Winter
2016,December,18,2,41,Winter
2016,December,18,3,2,Winter
2016,December,19,1,34,Winter
2016,December,19,2,38,Winter
2016,December,20,0,1,Winter
2016,December,20,1,21,Winter
2016,December,20,2,26,Winter
2016,December,20,3,5,Winter
2016,December,21,0,3,Winter
2016,December,21,1,18,Winter
2016,December,21,2,36,Winter
2016,December,21,3,6,Winter
2016,December,22,1,19,Winter
2016,December,22,2,43,Winter
2016,December,22,3,7,Winter
2016,December,23,1,11,Winter
2016,December,23,2,60,Winter
2016,December,23,3,6,Winter
2016,December,23,4,1,Winter
2016,December,24,0,1,Winter
2016,December,24,1,18,Winter
2016,December,24,2,59,Winter
2016,December,24,3,8,Winter
2016,December,25,0,2,Winter
2016,December,25,1,1,Winter
2016,December,25,2,44,Winter
2016,December,25,3,5,Winter
2016,December,25,4,2,Winter
2016,December,26,1,6,Winter
2016,December,26,2,54,Winter
2016,December,26,3,11,Winter
2016,December,27,0,2,Winter
2016,December,27,1,23,Winter
2016,December,27,2,111,Winter
2016,December,27,3,18,Winter
2016,December,28,1,9,Winter
2016,December,28,2,75,Winter
2016,December,28,3,1,Winter
2016,December,29,1,22,Winter
2016,December,29,2,70,Winter
2016,December,29,3,3,Winter
2016,December,30,0,1,Winter
2016,December,30,1,12,Winter
2016,December,30,2,131,Winter
2016,December,30,3,5,Winter
2016,December,31,1,4,Winter
2016,December,31,2,41,Winter
2016,December,31,3,4,Winter
2016,February,1,1,31,Winter
2016,February,1,2,16,Winter
2016,February,1,3,1,Winter
2016,February,2,1,31,Winter
2016,February,2,2,19,Winter
2016,February,3,1,36,Winter
2016,February,3,2,31,Winter
2016,February,3,3,3,Winter
2016,February,4,0,1,Winter
2016,February,4,1,37,Winter
2016,February,4,2,47,Winter
2016,February,4,3,1,Winter
2016,February,5,0,1,Winter
2016,February,5,1,13,Winter
2016,February,5,2,84,Winter
2016,February,5,3,2,Winter
2016,February,6,0,1,Winter
2016,February,6,1,22,Winter
2016,February,6,2,136,Winter
2016,February,6,3,7,Winter
2016,February,7,0,1,Winter
2016,February,7,1,12,Winter
2016,February,7,2,68,Winter
2016,February,7,3,7,Winter
2016,February,8,1,17,Winter
2016,February,8,2,48,Winter
2016,February,8,3,6,Winter
2016,February,9,0,1,Winter
2016,February,9,1,14,Winter
2016,February,9,2,36,Winter
2016,February,9,3,3,Winter
2016,February,10,1,26,Winter
2016,February,10,2,38,Winter
2016,February,10,3,1,Winter
2016,February,11,0,2,Winter
2016,February,11,1,18,Winter
2016,February,11,2,51,Winter
2016,February,11,3,1,Winter
2016,February,12,0,2,Winter
2016,February,12,1,9,Winter
2016,February,12,2,136,Winter
2016,February,12,3,7,Winter
2016,February,13,1,13,Winter
2016,February,13,2,134,Winter
2016,February,13,3,5,Winter
2016,February,14,0,1,Winter
2016,February,14,1,10,Winter
2016,February,14,2,62,Winter
2016,February,14,3,3,Winter
2016,February,15,0,1,Winter
2016,February,15,1,24,Winter
2016,February,15,2,45,Winter
2016,February,15,3,3,Winter
2016,February,16,1,30,Winter
2016,February,16,2,37,Winter
2016,February,16,3,3,Winter
2016,February,17,1,30,Winter
2016,February,17,2,41,Winter
2016,February,17,3,3,Winter
2016,February,18,1,24,Winter
2016,February,18,2,44,Winter
2016,February,18,3,2,Winter
2016,February,19,1,95,Winter
2016,February,19,2,51,Winter
2016,February,19,3,8,Winter
2016,February,20,1,9,Winter
2016,February,20,2,77,Winter
2016,February,20,3,2,Winter
2016,February,21,0,2,Winter
2016,February,21,1,7,Winter
2016,February,21,2,41,Winter
2016,February,21,3,1,Winter
2016,February,22,0,1,Winter
2016,February,22,1,38,Winter
2016,February,22,2,48,Winter
2016,February,22,3,4,Winter
2016,February,23,1,26,Winter
2016,February,23,2,30,Winter
2016,February,23,3,2,Winter
2016,February,24,1,25,Winter
2016,February,24,2,40,Winter
2016,February,24,3,4,Winter
2016,February,25,0,1,Winter
2016,February,25,1,29,Winter
2016,February,25,2,62,Winter
2016,February,25,3,2,Winter
2016,February,26,1,17,Winter
2016,February,26,2,96,Winter
2016,February,26,3,7,Winter
2016,February,27,1,44,Winter
2016,February,27,2,116,Winter
2016,February,27,3,7,Winter
2016,February,28,1,29,Winter
2016,February,28,2,33,Winter
2016,February,28,3,4,Winter
2016,February,29,1,33,Winter
2016,February,29,2,23,Winter
2016,February,29,3,1,Winter
2016,January,1,1,2,Winter
2016,January,1,2,30,Winter
2016,January,1,3,1,Winter
2016,January,2,1,17,Winter
2016,January,2,2,101,Winter
2016,January,2,3,1,Winter
2016,January,3,0,1,Winter
2016,January,3,1,5,Winter
2016,January,3,2,36,Winter
2016,January,3,3,2,Winter
2016,January,4,1,20,Winter
2016,January,4,2,45,Winter
2016,January,4,3,1,Winter
2016,January,5,1,18,Winter
2016,January,5,2,20,Winter
2016,January,6,0,1,Winter
2016,January,6,1,13,Winter
2016,January,6,2,30,Winter
2016,January,7,0,1,Winter
2016,January,7,1,13,Winter
2016,January,7,2,26,Winter
2016,January,7,3,1,Winter
2016,January,8,0,1,Winter
2016,January,8,1,5,Winter
2016,January,8,2,41,Winter
2016,January,9,1,7,Winter
2016,January,9,2,35,Winter
2016,January,10,1,14,Winter
2016,January,10,2,23,Winter
2016,January,10,3,2,Winter
2016,January,11,1,24,Winter
2016,January,11,2,15,Winter
2016,January,12,1,32,Winter
2016,January,12,2,22,Winter
2016,January,13,1,22,Winter
2016,January,13,2,19,Winter
2016,January,14,0,3,Winter
2016,January,14,1,33,Winter
2016,January,14,2,42,Winter
2016,January,15,1,10,Winter
2016,January,15,2,53,Winter
2016,January,15,3,3,Winter
2016,January,16,1,7,Winter
2016,January,16,2,45,Winter
2016,January,16,3,1,Winter
2016,January,17,1,5,Winter
2016,January,17,2,25,Winter
2016,January,17,3,1,Winter
2016,January,18,1,30,Winter
2016,January,18,2,19,Winter
2016,January,19,1,81,Winter
2016,January,19,2,28,Winter
2016,January,20,1,29,Winter
2016,January,20,2,26,Winter
2016,January,20,3,1,Winter
2016,January,21,0,1,Winter
2016,January,21,1,29,Winter
2016,January,21,2,24,Winter
2016,January,21,3,1,Winter
2016,January,22,1,10,Winter
2016,January,22,2,39,Winter
2016,January,23,1,7,Winter
2016,January,23,2,53,Winter
2016,January,23,3,2,Winter
2016,January,24,1,8,Winter
2016,January,24,2,22,Winter
2016,January,24,3,1,Winter
2016,January,25,1,23,Winter
2016,January,25,2,35,Winter
2016,January,25,3,6,Winter
2016,January,26,1,39,Winter
2016,January,26,2,18,Winter
2016,January,26,3,3,Winter
2016,January,27,1,43,Winter
2016,January,27,2,25,Winter
2016,January,27,3,2,Winter
2016,January,28,1,34,Winter
2016,January,28,2,28,Winter
2016,January,28,3,5,Winter
2016,January,29,1,10,Winter
2016,January,29,2,57,Winter
2016,January,30,1,11,Winter
2016,January,30,2,35,Winter
2016,January,30,3,1,Winter
2016,January,31,1,7,Winter
2016,January,31,2,22,Winter
2016,January,31,3,1,Winter
2016,July,1,1,4,Summer
2016,July,1,2,78,Summer
2016,July,1,3,10,Summer
2016,July,2,1,3,Summer
2016,July,2,2,70,Summer
2016,July,2,3,10,Summer
2016,July,3,0,1,Summer
2016,July,3,1,11,Summer
2016,July,3,2,60,Summer
2016,July,3,3,14,Summer
2016,July,4,0,1,Summer
2016,July,4,1,17,Summer
2016,July,4,2,81,Summer
2016,July,4,3,7,Summer
2016,July,5,0,1,Summer
2016,July,5,1,13,Summer
2016,July,5,2,68,Summer
2016,July,5,3,10,Summer
2016,July,6,0,1,Summer
2016,July,6,1,14,Summer
2016,July,6,2,67,Summer
2016,July,6,3,14,Summer
2016,July,7,0,2,Summer
2016,July,7,1,15,Summer
2016,July,7,2,58,Summer
2016,July,7,3,9,Summer
2016,July,8,1,6,Summer
2016,July,8,2,78,Summer
2016,July,8,3,10,Summer
2016,July,9,1,4,Summer
2016,July,9,2,82,Summer
2016,July,9,3,12,Summer
2016,July,10,1,9,Summer
2016,July,10,2,66,Summer
2016,July,10,3,14,Summer
2016,July,11,1,26,Summer
2016,July,11,2,69,Summer
2016,July,11,3,15,Summer
2016,July,12,1,12,Summer
2016,July,12,2,68,Summer
2016,July,12,3,11,Summer
2016,July,13,1,5,Summer
2016,July,13,2,71,Summer
2016,July,13,3,15,Summer
2016,July,14,1,7,Summer
2016,July,14,2,67,Summer
2016,July,14,3,15,Summer
2016,July,15,0,1,Summer
2016,July,15,1,8,Summer
2016,July,15,2,72,Summer
2016,July,15,3,12,Summer
2016,July,16,0,1,Summer
2016,July,16,1,5,Summer
2016,July,16,2,88,Summer
2016,July,16,3,14,Summer
2016,July,16,4,1,Summer
2016,July,17,0,1,Summer
2016,July,17,1,2,Summer
2016,July,17,2,67,Summer
2016,July,17,3,18,Summer
2016,July,18,1,18,Summer
2016,July,18,2,94,Summer
2016,July,18,3,17,Summer
2016,July,19,0,1,Summer
2016,July,19,1,23,Summer
2016,July,19,2,44,Summer
2016,July,19,3,11,Summer
2016,July,20,0,1,Summer
2016,July,20,1,19,Summer
2016,July,20,2,66,Summer
2016,July,20,3,6,Summer
2016,July,21,0,1,Summer
2016,July,21,1,18,Summer
2016,July,21,2,127,Summer
2016,July,21,3,8,Summer
2016,July,22,1,8,Summer
2016,July,22,2,67,Summer
2016,July,22,3,8,Summer
2016,July,22,4,2,Summer
2016,July,23,0,1,Summer
2016,July,23,1,11,Summer
2016,July,23,2,101,Summer
2016,July,23,3,26,Summer
2016,July,24,0,1,Summer
2016,July,24,1,7,Summer
2016,July,24,2,70,Summer
2016,July,24,3,14,Summer
2016,July,25,1,12,Summer
2016,July,25,2,86,Summer
2016,July,25,3,16,Summer
2016,July,25,4,1,Summer
2016,July,26,0,3,Summer
2016,July,26,1,14,Summer
2016,July,26,2,53,Summer
2016,July,26,3,15,Summer
2016,July,27,0,1,Summer
2016,July,27,1,7,Summer
2016,July,27,2,58,Summer
2016,July,27,3,16,Summer
2016,July,27,4,1,Summer
2016,July,28,0,1,Summer
2016,July,28,1,7,Summer
2016,July,28,2,76,Summer
2016,July,28,3,14,Summer
2016,July,29,0,1,Summer
2016,July,29,1,9,Summer
2016,July,29,2,70,Summer
2016,July,29,3,7,Summer
2016,July,30,1,23,Summer
2016,July,30,2,129,Summer
2016,July,30,3,9,Summer
2016,July,31,1,2,Summer
2016,July,31,2,68,Summer
2016,July,31,3,12,Summer
2016,July,31,4,1,Summer
2016,June,1,1,19,Summer
2016,June,1,2,65,Summer
2016,June,1,3,4,Summer
2016,June,2,1,21,Summer
2016,June,2,2,113,Summer
2016,June,2,3,6,Summer
2016,June,3,0,1,Summer
2016,June,3,1,9,Summer
2016,June,3,2,103,Summer
2016,June,3,3,5,Summer
2016,June,4,1,7,Summer
2016,June,4,2,84,Summer
2016,June,4,3,5,Summer
2016,June,5,1,7,Summer
2016,June,5,2,53,Summer
2016,June,5,3,3,Summer
2016,June,6,1,98,Summer
2016,June,6,2,99,Summer
2016,June,6,3,3,Summer
2016,June,7,1,26,Summer
2016,June,7,2,37,Summer
2016,June,7,3,2,Summer
2016,June,8,1,28,Summer
2016,June,8,2,51,Summer
2016,June,8,3,4,Summer
2016,June,9,0,2,Summer
2016,June,9,1,11,Summer
2016,June,9,2,94,Summer
2016,June,9,3,4,Summer
2016,June,10,1,22,Summer
2016,June,10,2,101,Summer
2016,June,10,3,13,Summer
2016,June,11,1,9,Summer
2016,June,11,2,66,Summer
2016,June,11,3,6,Summer
2016,June,12,0,1,Summer
2016,June,12,1,9,Summer
2016,June,12,2,76,Summer
2016,June,12,3,8,Summer
2016,June,13,1,27,Summer
2016,June,13,2,65,Summer
2016,June,13,3,7,Summer
2016,June,14,1,44,Summer
2016,June,14,2,40,Summer
2016,June,14,3,2,Summer
2016,June,15,1,36,Summer
2016,June,15,2,92,Summer
2016,June,15,3,6,Summer
2016,June,16,0,1,Summer
2016,June,16,1,10,Summer
2016,June,16,2,76,Summer
2016,June,16,3,2,Summer
2016,June,17,1,20,Summer
2016,June,17,2,117,Summer
2016,June,17,3,6,Summer
2016,June,18,1,3,Summer
2016,June,18,2,78,Summer
2016,June,18,3,6,Summer
2016,June,19,1,12,Summer
2016,June,19,2,69,Summer
2016,June,19,3,9,Summer
2016,June,20,1,28,Summer
2016,June,20,2,90,Summer
2016,June,20,3,4,Summer
2016,June,21,0,1,Summer
2016,June,21,1,29,Summer
2016,June,21,2,64,Summer
2016,June,21,3,6,Summer
2016,June,22,1,33,Summer
2016,June,22,2,59,Summer
2016,June,22,3,2,Summer
2016,June,23,1,12,Summer
2016,June,23,2,56,Summer
2016,June,23,3,4,Summer
2016,June,24,1,112,Summer
2016,June,24,2,107,Summer
2016,June,24,3,1,Summer
2016,June,25,1,3,Summer
2016,June,25,2,45,Summer
2016,June,25,3,4,Summer
2016,June,26,0,1,Summer
2016,June,26,1,16,Summer
2016,June,26,2,137,Summer
2016,June,26,3,12,Summer
2016,June,27,1,19,Summer
2016,June,27,2,69,Summer
2016,June,27,3,12,Summer
2016,June,28,1,18,Summer
2016,June,28,2,68,Summer
2016,June,28,3,9,Summer
2016,June,29,1,12,Summer
2016,June,29,2,49,Summer
2016,June,29,3,6,Summer
2016,June,30,0,1,Summer
2016,June,30,1,7,Summer
2016,June,30,2,92,Summer
2016,June,30,3,5,Summer
2016,March,1,1,49,Spring
2016,March,1,2,43,Spring
2016,March,1,3,1,Spring
2016,March,2,1,68,Spring
2016,March,2,2,45,Spring
2016,March,2,3,4,Spring
2016,March,3,1,20,Spring
2016,March,3,2,59,Spring
2016,March,3,3,3,Spring
2016,March,4,1,20,Spring
2016,March,4,2,104,Spring
2016,March,4,3,9,Spring
2016,March,5,1,16,Spring
2016,March,5,2,80,Spring
2016,March,5,3,1,Spring
2016,March,6,1,8,Spring
2016,March,6,2,50,Spring
2016,March,7,1,47,Spring
2016,March,7,2,70,Spring
2016,March,7,3,1,Spring
2016,March,8,1,54,Spring
2016,March,8,2,46,Spring
2016,March,8,3,1,Spring
2016,March,9,1,43,Spring
2016,March,9,2,57,Spring
2016,March,9,3,18,Spring
2016,March,10,1,15,Spring
2016,March,10,2,64,Spring
2016,March,10,3,5,Spring
2016,March,11,0,1,Spring
2016,March,11,1,38,Spring
2016,March,11,2,95,Spring
2016,March,11,3,2,Spring
2016,March,12,0,1,Spring
2016,March,12,1,11,Spring
2016,March,12,2,85,Spring
2016,March,12,3,5,Spring
2016,March,13,1,14,Spring
2016,March,13,2,67,Spring
2016,March,13,3,4,Spring
2016,March,14,1,38,Spring
2016,March,14,2,62,Spring
2016,March,14,3,2,Spring
2016,March,15,1,36,Spring
2016,March,15,2,56,Spring
2016,March,15,3,2,Spring
2016,March,16,0,3,Spring
2016,March,16,1,46,Spring
2016,March,16,2,46,Spring
2016,March,16,3,5,Spring
2016,March,17,1,43,Spring
2016,March,17,2,88,Spring
2016,March,17,3,3,Spring
2016,March,18,1,22,Spring
2016,March,18,2,83,Spring
2016,March,18,3,7,Spring
2016,March,19,1,14,Spring
2016,March,19,2,106,Spring
2016,March,19,3,5,Spring
2016,March,20,1,20,Spring
2016,March,20,2,106,Spring
2016,March,20,3,8,Spring
2016,March,20,4,1,Spring
2016,March,21,1,21,Spring
2016,March,21,2,100,Spring
2016,March,21,3,3,Spring
2016,March,22,1,26,Spring
2016,March,22,2,57,Spring
2016,March,22,3,7,Spring
2016,March,23,0,1,Spring
2016,March,23,1,14,Spring
2016,March,23,2,77,Spring
2016,March,23,3,2,Spring
2016,March,24,0,1,Spring
2016,March,24,1,12,Spring
2016,March,24,2,154,Spring
2016,March,24,3,17,Spring
2016,March,25,0,2,Spring
2016,March,25,1,1,Spring
2016,March,25,2,91,Spring
2016,March,25,3,10,Spring
2016,March,26,1,2,Spring
2016,March,26,2,45,Spring
2016,March,26,3,12,Spring
2016,March,27,1,12,Spring
2016,March,27,2,60,Spring
2016,March,27,3,6,Spring
2016,March,28,1,15,Spring
2016,March,28,2,100,Spring
2016,March,28,3,13,Spring
2016,March,29,1,22,Spring
2016,March,29,2,72,Spring
2016,March,29,3,4,Spring
2016,March,30,1,26,Spring
2016,March,30,2,65,Spring
2016,March,30,3,8,Spring
2016,March,31,0,1,Spring
2016,March,31,1,37,Spring
2016,March,31,2,118,Spring
2016,March,31,3,7,Spring
2016,May,1,0,1,Spring
2016,May,1,1,3,Spring
2016,May,1,2,53,Spring
2016,May,1,3,4,Spring
2016,May,2,1,33,Spring
2016,May,2,2,146,Spring
2016,May,2,3,2,Spring
2016,May,3,1,23,Spring
2016,May,3,2,47,Spring
2016,May,3,3,4,Spring
2016,May,4,1,32,Spring
2016,May,4,2,64,Spring
2016,May,4,3,6,Spring
2016,May,5,0,2,Spring
2016,May,5,1,21,Spring
2016,May,5,2,119,Spring
2016,May,5,3,6,Spring
2016,May,6,1,13,Spring
2016,May,6,2,75,Spring
2016,May,6,3,4,Spring
2016,May,7,1,11,Spring
2016,May,7,2,86,Spring
2016,May,7,3,2,Spring
2016,May,8,1,19,Spring
2016,May,8,2,75,Spring
2016,May,8,3,5,Spring
2016,May,9,1,46,Spring
2016,May,9,2,79,Spring
2016,May,9,3,5,Spring
2016,May,10,1,43,Spring
2016,May,10,2,57,Spring
2016,May,10,3,2,Spring
2016,May,11,1,25,Spring
2016,May,11,2,74,Spring
2016,May,11,3,5,Spring
2016,May,12,1,24,Spring
2016,May,12,2,113,Spring
2016,May,12,3,11,Spring
2016,May,13,0,1,Spring
2016,May,13,1,13,Spring
2016,May,13,2,79,Spring
2016,May,13,3,7,Spring
2016,May,13,4,1,Spring
2016,May,14,1,8,Spring
2016,May,14,2,93,Spring
2016,May,14,3,5,Spring
2016,May,15,1,17,Spring
2016,May,15,2,109,Spring
2016,May,15,3,6,Spring
2016,May,16,0,1,Spring
2016,May,16,1,45,Spring
2016,May,16,2,99,Spring
2016,May,16,3,4,Spring
2016,May,17,1,58,Spring
2016,May,17,2,100,Spring
2016,May,17,3,1,Spring
2016,May,18,1,31,Spring
2016,May,18,2,52,Spring
2016,May,18,3,2,Spring
2016,May,19,1,25,Spring
2016,May,19,2,135,Spring
2016,May,19,3,8,Spring
2016,May,20,1,17,Spring
2016,May,20,2,87,Spring
2016,May,20,3,10,Spring
2016,May,21,1,8,Spring
2016,May,21,2,109,Spring
2016,May,21,3,5,Spring
2016,May,22,1,9,Spring
2016,May,22,2,88,Spring
2016,May,22,3,5,Spring
2016,May,23,1,43,Spring
2016,May,23,2,56,Spring
2016,May,23,3,1,Spring
2016,May,24,1,22,Spring
2016,May,24,2,70,Spring
2016,May,24,3,1,Spring
2016,May,25,1,15,Spring
2016,May,25,2,70,Spring
2016,May,25,3,4,Spring
2016,May,26,0,1,Spring
2016,May,26,1,48,Spring
2016,May,26,2,157,Spring
2016,May,26,3,7,Spring
2016,May,27,1,9,Spring
2016,May,27,2,38,Spring
2016,May,27,3,5,Spring
2016,May,28,1,11,Spring
2016,May,28,2,42,Spring
2016,May,28,3,7,Spring
2016,May,29,0,2,Spring
2016,May,29,1,23,Spring
2016,May,29,2,98,Spring
2016,May,29,3,8,Spring
2016,May,30,1,40,Spring
2016,May,30,2,94,Spring
2016,May,30,3,2,Spring
2016,May,31,0,1,Spring
2016,May,31,1,34,Spring
2016,May,31,2,74,Spring
2016,May,31,3,2,Spring
2016,November,1,0,1,Fall
2016,November,1,1,7,Fall
2016,November,1,2,71,Fall
2016,November,1,3,4,Fall
2016,November,2,1,30,Fall
2016,November,2,2,82,Fall
2016,November,2,3,2,Fall
2016,November,3,1,18,Fall
2016,November,3,2,69,Fall
2016,November,3,3,4,Fall
2016,November,4,1,17,Fall
2016,November,4,2,88,Fall
2016,November,4,3,3,Fall
2016,November,5,1,14,Fall
2016,November,5,2,89,Fall
2016,November,5,3,1,Fall
2016,November,6,1,46,Fall
2016,November,6,2,45,Fall
2016,November,6,3,1,Fall
2016,November,7,0,1,Fall
2016,November,7,1,69,Fall
2016,November,7,2,60,Fall
2016,November,7,3,1,Fall
2016,November,8,1,36,Fall
2016,November,8,2,37,Fall
2016,November,8,3,1,Fall
2016,November,9,0,1,Fall
2016,November,9,1,21,Fall
2016,November,9,2,41,Fall
2016,November,10,1,15,Fall
2016,November,10,2,84,Fall
2016,November,10,3,3,Fall
2016,November,11,0,1,Fall
2016,November,11,1,17,Fall
2016,November,11,2,119,Fall
2016,November,11,3,6,Fall
2016,November,12,1,8,Fall
2016,November,12,2,83,Fall
2016,November,12,3,3,Fall
2016,November,13,1,21,Fall
2016,November,13,2,76,Fall
2016,November,13,3,2,Fall
2016,November,14,1,38,Fall
2016,November,14,2,78,Fall
2016,November,14,3,1,Fall
2016,November,15,1,42,Fall
2016,November,15,2,39,Fall
2016,November,16,0,1,Fall
2016,November,16,1,34,Fall
2016,November,16,2,56,Fall
2016,November,16,3,4,Fall
2016,November,17,0,1,Fall
2016,November,17,1,16,Fall
2016,November,17,2,80,Fall
2016,November,17,3,4,Fall
2016,November,18,0,2,Fall
2016,November,18,1,19,Fall
2016,November,18,2,107,Fall
2016,November,18,3,6,Fall
2016,November,19,0,2,Fall
2016,November,19,1,13,Fall
2016,November,19,2,84,Fall
2016,November,19,3,3,Fall
2016,November,20,1,19,Fall
2016,November,20,2,39,Fall
2016,November,21,1,97,Fall
2016,November,21,2,51,Fall
2016,November,21,3,1,Fall
2016,November,22,0,1,Fall
2016,November,22,1,16,Fall
2016,November,22,2,37,Fall
2016,November,22,3,2,Fall
2016,November,23,0,2,Fall
2016,November,23,1,43,Fall
2016,November,23,2,37,Fall
2016,November,23,3,1,Fall
2016,November,24,0,2,Fall
2016,November,24,1,24,Fall
2016,November,24,2,51,Fall
2016,November,24,3,4,Fall
2016,November,25,1,17,Fall
2016,November,25,2,101,Fall
2016,November,25,3,7,Fall
2016,November,26,0,3,Fall
2016,November,26,1,8,Fall
2016,November,26,2,70,Fall
2016,November,26,3,3,Fall
2016,November,27,1,13,Fall
2016,November,27,2,33,Fall
2016,November,27,3,2,Fall
2016,November,28,1,54,Fall
2016,November,28,2,32,Fall
2016,November,29,0,1,Fall
2016,November,29,1,33,Fall
2016,November,29,2,38,Fall
2016,November,30,1,14,Fall
2016,November,30,2,33,Fall
2016,November,30,3,1,Fall
2016,October,1,1,7,Fall
2016,October,1,2,55,Fall
2016,October,1,3,1,Fall
2016,October,2,1,15,Fall
2016,October,2,2,84,Fall
2016,October,2,3,10,Fall
2016,October,3,1,25,Fall
2016,October,3,2,101,Fall
2016,October,3,3,5,Fall
2016,October,4,1,12,Fall
2016,October,4,2,80,Fall
2016,October,4,3,5,Fall
2016,October,5,1,21,Fall
2016,October,5,2,74,Fall
2016,October,5,3,12,Fall
2016,October,6,0,1,Fall
2016,October,6,1,52,Fall
2016,October,6,2,116,Fall
2016,October,6,3,5,Fall
2016,October,7,0,3,Fall
2016,October,7,1,14,Fall
2016,October,7,2,87,Fall
2016,October,7,3,11,Fall
2016,October,8,0,1,Fall
2016,October,8,1,12,Fall
2016,October,8,2,48,Fall
2016,October,8,3,7,Fall
2016,October,9,0,1,Fall
2016,October,9,1,25,Fall
2016,October,9,2,106,Fall
2016,October,9,3,8,Fall
2016,October,10,1,68,Fall
2016,October,10,2,71,Fall
2016,October,10,3,6,Fall
2016,October,11,1,75,Fall
2016,October,11,2,54,Fall
2016,October,11,3,1,Fall
2016,October,12,0,1,Fall
2016,October,12,1,51,Fall
2016,October,12,2,90,Fall
2016,October,12,3,6,Fall
2016,October,13,1,86,Fall
2016,October,13,2,54,Fall
2016,October,13,3,4,Fall
2016,October,14,0,1,Fall
2016,October,14,1,48,Fall
2016,October,14,2,96,Fall
2016,October,14,3,1,Fall
2016,October,15,0,1,Fall
2016,October,15,1,7,Fall
2016,October,15,2,40,Fall
2016,October,15,3,8,Fall
2016,October,16,1,29,Fall
2016,October,16,2,112,Fall
2016,October,16,3,6,Fall
2016,October,17,1,28,Fall
2016,October,17,2,65,Fall
2016,October,17,3,14,Fall
2016,October,18,1,27,Fall
2016,October,18,2,64,Fall
2016,October,18,3,4,Fall
2016,October,19,1,29,Fall
2016,October,19,2,54,Fall
2016,October,19,3,4,Fall
2016,October,20,0,1,Fall
2016,October,20,1,28,Fall
2016,October,20,2,111,Fall
2016,October,20,3,11,Fall
2016,October,20,4,1,Fall
2016,October,21,0,1,Fall
2016,October,21,1,2,Fall
2016,October,21,2,91,Fall
2016,October,21,3,10,Fall
2016,October,22,1,7,Fall
2016,October,22,2,62,Fall
2016,October,22,3,4,Fall
2016,October,23,0,2,Fall
2016,October,23,1,36,Fall
2016,October,23,2,122,Fall
2016,October,23,3,7,Fall
2016,October,24,1,22,Fall
2016,October,24,2,74,Fall
2016,October,24,3,4,Fall
2016,October,25,1,32,Fall
2016,October,25,2,90,Fall
2016,October,25,3,5,Fall
2016,October,26,1,39,Fall
2016,October,26,2,65,Fall
2016,October,26,3,2,Fall
2016,October,27,0,1,Fall
2016,October,27,1,26,Fall
2016,October,27,2,60,Fall
2016,October,27,3,8,Fall
2016,October,28,0,2,Fall
2016,October,28,1,24,Fall
2016,October,28,2,112,Fall
2016,October,28,3,13,Fall
2016,October,29,0,2,Fall
2016,October,29,1,17,Fall
2016,October,29,2,135,Fall
2016,October,29,3,4,Fall
2016,October,30,1,22,Fall
2016,October,30,2,105,Fall
2016,October,30,3,3,Fall
2016,October,31,0,2,Fall
2016,October,31,1,10,Fall
2016,October,31,2,100,Fall
2016,October,31,3,5,Fall
2016,September,1,1,7,Fall
2016,September,1,2,95,Fall
2016,September,1,3,11,Fall
2016,September,2,1,11,Fall
2016,September,2,2,89,Fall
2016,September,2,3,7,Fall
2016,September,3,1,6,Fall
2016,September,3,2,98,Fall
2016,September,3,3,4,Fall
2016,September,3,4,1,Fall
2016,September,4,0,1,Fall
2016,September,4,1,8,Fall
2016,September,4,2,67,Fall
2016,September,4,3,4,Fall
2016,September,5,1,18,Fall
2016,September,5,2,100,Fall
2016,September,5,3,12,Fall
2016,September,5,4,3,Fall
2016,September,6,1,14,Fall
2016,September,6,2,53,Fall
2016,September,6,3,9,Fall
2016,September,7,1,5,Fall
2016,September,7,2,46,Fall
2016,September,7,3,7,Fall
2016,September,8,1,11,Fall
2016,September,8,2,83,Fall
2016,September,8,3,3,Fall
2016,September,9,1,5,Fall
2016,September,9,2,86,Fall
2016,September,9,3,5,Fall
2016,September,10,1,1,Fall
2016,September,10,2,80,Fall
2016,September,10,3,7,Fall
2016,September,11,1,16,Fall
2016,September,11,2,99,Fall
2016,September,11,3,7,Fall
2016,September,12,1,28,Fall
2016,September,12,2,91,Fall
2016,September,12,3,4,Fall
2016,September,13,1,38,Fall
2016,September,13,2,106,Fall
2016,September,13,3,4,Fall
2016,September,14,1,30,Fall
2016,September,14,2,54,Fall
2016,September,14,3,7,Fall
2016,September,15,1,41,Fall
2016,September,15,2,127,Fall
2016,September,15,3,6,Fall
2016,September,16,1,20,Fall
2016,September,16,2,92,Fall
2016,September,16,3,6,Fall
2016,September,17,0,1,Fall
2016,September,17,1,16,Fall
2016,September,17,2,70,Fall
2016,September,17,3,2,Fall
2016,September,17,4,1,Fall
2016,September,18,0,1,Fall
2016,September,18,1,15,Fall
2016,September,18,2,112,Fall
2016,September,18,3,2,Fall
2016,September,19,1,46,Fall
2016,September,19,2,92,Fall
2016,September,19,3,6,Fall
2016,September,20,0,2,Fall
2016,September,20,1,21,Fall
2016,September,20,2,89,Fall
2016,September,20,3,7,Fall
2016,September,20,4,1,Fall
2016,September,21,1,37,Fall
2016,September,21,2,118,Fall
2016,September,21,3,2,Fall
2016,September,22,0,1,Fall
2016,September,22,1,30,Fall
2016,September,22,2,77,Fall
2016,September,22,3,8,Fall
2016,September,23,1,8,Fall
2016,September,23,2,77,Fall
2016,September,23,3,15,Fall
2016,September,24,0,1,Fall
2016,September,24,1,4,Fall
2016,September,24,2,52,Fall
2016,September,24,3,3,Fall
2016,September,25,1,28,Fall
2016,September,25,2,87,Fall
2016,September,25,3,7,Fall
2016,September,26,1,33,Fall
2016,September,26,2,127,Fall
2016,September,26,3,7,Fall
2016,September,27,1,25,Fall
2016,September,27,2,67,Fall
2016,September,27,3,1,Fall
2016,September,28,1,34,Fall
2016,September,28,2,63,Fall
2016,September,28,3,3,Fall
2016,September,29,1,23,Fall
2016,September,29,2,79,Fall
2016,September,29,3,2,Fall
2016,September,30,1,19,Fall
2016,September,30,2,111,Fall
2016,September,30,3,6,Fall
2017,April,1,0,1,Spring
2017,April,1,1,4,Spring
2017,April,1,2,68,Spring
2017,April,1,3,13,Spring
2017,April,2,1,11,Spring
2017,April,2,2,57,Spring
2017,April,2,3,7,Spring
2017,April,3,1,39,Spring
2017,April,3,2,93,Spring
2017,April,3,3,8,Spring
2017,April,4,1,22,Spring
2017,April,4,2,31,Spring
2017,April,4,3,8,Spring
2017,April,5,1,70,Spring
2017,April,5,2,79,Spring
2017,April,5,3,10,Spring
2017,April,6,1,13,Spring
2017,April,6,2,73,Spring
2017,April,6,3,7,Spring
2017,April,7,0,1,Spring
2017,April,7,1,5,Spring
2017,April,7,2,64,Spring
2017,April,7,3,11,Spring
2017,April,8,1,15,Spring
2017,April,8,2,94,Spring
2017,April,8,3,2,Spring
2017,April,9,0,1,Spring
2017,April,9,1,12,Spring
2017,April,9,2,110,Spring
2017,April,9,3,16,Spring
2017,April,10,0,1,Spring
2017,April,10,1,15,Spring
2017,April,10,2,89,Spring
2017,April,10,3,12,Spring
2017,April,11,0,1,Spring
2017,April,11,1,13,Spring
2017,April,11,2,77,Spring
2017,April,11,3,11,Spring
2017,April,12,1,6,Spring
2017,April,12,2,75,Spring
2017,April,12,3,5,Spring
2017,April,13,0,1,Spring
2017,April,13,1,8,Spring
2017,April,13,2,114,Spring
2017,April,13,3,5,Spring
2017,April,14,0,1,Spring
2017,April,14,1,5,Spring
2017,April,14,2,106,Spring
2017,April,14,3,9,Spring
2017,April,15,1,9,Spring
2017,April,15,2,81,Spring
2017,April,15,3,10,Spring
2017,April,16,1,13,Spring
2017,April,16,2,64,Spring
2017,April,16,3,8,Spring
2017,April,17,1,23,Spring
2017,April,17,2,84,Spring
2017,April,17,3,10,Spring
2017,April,18,1,37,Spring
2017,April,18,2,49,Spring
2017,April,18,3,3,Spring
2017,April,19,1,23,Spring
2017,April,19,2,90,Spring
2017,April,19,3,1,Spring
2017,April,20,0,1,Spring
2017,April,20,1,27,Spring
2017,April,20,2,69,Spring
2017,April,20,3,2,Spring
2017,April,21,1,19,Spring
2017,April,21,2,70,Spring
2017,April,21,3,10,Spring
2017,April,22,1,20,Spring
2017,April,22,2,80,Spring
2017,April,22,3,5,Spring
2017,April,23,0,1,Spring
2017,April,23,1,26,Spring
2017,April,23,2,78,Spring
2017,April,23,3,4,Spring
2017,April,24,1,25,Spring
2017,April,24,2,68,Spring
2017,April,24,3,3,Spring
2017,April,25,1,20,Spring
2017,April,25,2,56,Spring
2017,April,26,1,40,Spring
2017,April,26,2,29,Spring
2017,April,26,3,6,Spring
2017,April,27,0,1,Spring
2017,April,27,1,30,Spring
2017,April,27,2,71,Spring
2017,April,27,3,4,Spring
2017,April,28,1,25,Spring
2017,April,28,2,124,Spring
2017,April,28,3,12,Spring
2017,April,29,1,8,Spring
2017,April,29,2,156,Spring
2017,April,29,3,5,Spring
2017,April,30,1,16,Spring
2017,April,30,2,79,Spring
2017,April,30,3,4,Spring
2017,August,1,1,14,Summer
2017,August,1,2,78,Summer
2017,August,1,3,9,Summer
2017,August,2,1,8,Summer
2017,August,2,2,83,Summer
2017,August,2,3,11,Summer
2017,August,3,1,6,Summer
2017,August,3,2,88,Summer
2017,August,3,3,13,Summer
2017,August,4,1,4,Summer
2017,August,4,2,83,Summer
2017,August,4,3,19,Summer
2017,August,5,1,6,Summer
2017,August,5,2,68,Summer
2017,August,5,3,15,Summer
2017,August,6,1,8,Summer
2017,August,6,2,77,Summer
2017,August,6,3,6,Summer
2017,August,7,1,11,Summer
2017,August,7,2,104,Summer
2017,August,7,3,14,Summer
2017,August,8,1,8,Summer
2017,August,8,2,69,Summer
2017,August,8,3,8,Summer
2017,August,9,1,5,Summer
2017,August,9,2,78,Summer
2017,August,9,3,11,Summer
2017,August,9,4,1,Summer
2017,August,10,1,2,Summer
2017,August,10,2,77,Summer
2017,August,10,3,10,Summer
2017,August,11,1,4,Summer
2017,August,11,2,63,Summer
2017,August,11,3,7,Summer
2017,August,12,0,1,Summer
2017,August,12,1,3,Summer
2017,August,12,2,106,Summer
2017,August,12,3,12,Summer
2017,August,13,1,4,Summer
2017,August,13,2,79,Summer
2017,August,13,3,9,Summer
2017,August,14,1,9,Summer
2017,August,14,2,81,Summer
2017,August,14,3,11,Summer
2017,August,15,1,4,Summer
2017,August,15,2,81,Summer
2017,August,15,3,13,Summer
2017,August,16,1,11,Summer
2017,August,16,2,75,Summer
2017,August,16,3,14,Summer
2017,August,17,1,3,Summer
2017,August,17,2,90,Summer
2017,August,17,3,15,Summer
2017,August,18,1,5,Summer
2017,August,18,2,79,Summer
2017,August,18,3,15,Summer
2017,August,18,4,1,Summer
2017,August,19,1,13,Summer
2017,August,19,2,77,Summer
2017,August,19,3,14,Summer
2017,August,19,4,1,Summer
2017,August,20,1,33,Summer
2017,August,20,2,72,Summer
2017,August,20,3,9,Summer
2017,August,21,1,13,Summer
2017,August,21,2,78,Summer
2017,August,21,3,11,Summer
2017,August,22,1,13,Summer
2017,August,22,2,49,Summer
2017,August,22,3,10,Summer
2017,August,23,1,17,Summer
2017,August,23,2,62,Summer
2017,August,23,3,8,Summer
2017,August,23,4,1,Summer
2017,August,24,1,10,Summer
2017,August,24,2,74,Summer
2017,August,24,3,14,Summer
2017,August,25,1,18,Summer
2017,August,25,2,112,Summer
2017,August,25,3,10,Summer
2017,August,26,1,6,Summer
2017,August,26,2,83,Summer
2017,August,26,3,8,Summer
2017,August,27,1,20,Summer
2017,August,27,2,98,Summer
2017,August,27,3,7,Summer
2017,August,28,1,73,Summer
2017,August,28,2,69,Summer
2017,August,28,3,5,Summer
2017,August,29,1,29,Summer
2017,August,29,2,47,Summer
2017,August,29,3,5,Summer
2017,August,30,1,13,Summer
2017,August,30,2,42,Summer
2017,August,30,3,7,Summer
2017,August,31,1,10,Summer
2017,August,31,2,68,Summer
2017,August,31,3,10,Summer
2017,August,31,4,1,Summer
2017,February,1,1,35,Winter
2017,February,1,2,20,Winter
2017,February,1,3,2,Winter
2017,February,2,0,1,Winter
2017,February,2,1,28,Winter
2017,February,2,2,59,Winter
2017,February,2,3,3,Winter
2017,February,3,1,21,Winter
2017,February,3,2,62,Winter
2017,February,3,3,1,Winter
2017,February,3,4,1,Winter
2017,February,4,0,1,Winter
2017,February,4,1,17,Winter
2017,February,4,2,99,Winter
2017,February,4,3,2,Winter
2017,February,5,1,29,Winter
2017,February,5,2,41,Winter
2017,February,5,3,2,Winter
2017,February,6,1,23,Winter
2017,February,6,2,53,Winter
2017,February,6,3,7,Winter
2017,February,7,1,28,Winter
2017,February,7,2,29,Winter
2017,February,7,3,3,Winter
2017,February,8,1,23,Winter
2017,February,8,2,40,Winter
2017,February,8,3,1,Winter
2017,February,9,1,26,Winter
2017,February,9,2,71,Winter
2017,February,9,3,3,Winter
2017,February,10,1,9,Winter
2017,February,10,2,92,Winter
2017,February,10,3,5,Winter
2017,February,11,1,8,Winter
2017,February,11,2,78,Winter
2017,February,11,3,2,Winter
2017,February,12,0,1,Winter
2017,February,12,1,8,Winter
2017,February,12,2,88,Winter
2017,February,12,3,6,Winter
2017,February,13,0,1,Winter
2017,February,13,1,49,Winter
2017,February,13,2,80,Winter
2017,February,13,3,17,Winter
2017,February,14,1,18,Winter
2017,February,14,2,79,Winter
2017,February,14,3,2,Winter
2017,February,15,0,2,Winter
2017,February,15,1,27,Winter
2017,February,15,2,90,Winter
2017,February,15,3,3,Winter
2017,February,16,1,23,Winter
2017,February,16,2,53,Winter
2017,February,16,3,4,Winter
2017,February,16,4,1,Winter
2017,February,17,1,18,Winter
2017,February,17,2,102,Winter
2017,February,17,3,7,Winter
2017,February,18,1,11,Winter
2017,February,18,2,72,Winter
2017,February,18,3,7,Winter
2017,February,19,1,16,Winter
2017,February,19,2,78,Winter
2017,February,19,3,7,Winter
2017,February,20,1,46,Winter
2017,February,20,2,57,Winter
2017,February,20,3,9,Winter
2017,February,21,1,39,Winter
2017,February,21,2,39,Winter
2017,February,21,3,5,Winter
2017,February,22,0,1,Winter
2017,February,22,1,74,Winter
2017,February,22,2,51,Winter
2017,February,22,3,9,Winter
2017,February,23,1,31,Winter
2017,February,23,2,59,Winter
2017,February,23,3,10,Winter
2017,February,24,1,13,Winter
2017,February,24,2,82,Winter
2017,February,24,3,3,Winter
2017,February,25,1,72,Winter
2017,February,25,2,113,Winter
2017,February,25,3,4,Winter
2017,February,26,1,32,Winter
2017,February,26,2,100,Winter
2017,February,26,3,6,Winter
2017,February,27,0,3,Winter
2017,February,27,1,22,Winter
2017,February,27,2,66,Winter
2017,February,27,3,11,Winter
2017,February,28,1,16,Winter
2017,February,28,2,43,Winter
2017,February,28,3,7,Winter
2017,January,1,0,1,Winter
2017,January,1,1,8,Winter
2017,January,1,2,61,Winter
2017,January,1,3,9,Winter
2017,January,2,1,17,Winter
2017,January,2,2,90,Winter
2017,January,2,3,11,Winter
2017,January,3,0,2,Winter
2017,January,3,1,21,Winter
2017,January,3,2,52,Winter
2017,January,3,3,6,Winter
2017,January,4,1,13,Winter
2017,January,4,2,49,Winter
2017,January,4,3,2,Winter
2017,January,5,1,8,Winter
2017,January,5,2,49,Winter
2017,January,5,3,3,Winter
2017,January,6,0,1,Winter
2017,January,6,1,3,Winter
2017,January,6,2,62,Winter
2017,January,6,3,7,Winter
2017,January,7,1,10,Winter
2017,January,7,2,55,Winter
2017,January,7,3,2,Winter
2017,January,8,1,21,Winter
2017,January,8,2,39,Winter
2017,January,9,0,1,Winter
2017,January,9,1,21,Winter
2017,January,9,2,40,Winter
2017,January,10,1,43,Winter
2017,January,10,2,39,Winter
2017,January,10,3,2,Winter
2017,January,11,1,18,Winter
2017,January,11,2,26,Winter
2017,January,11,3,2,Winter
2017,January,12,1,42,Winter
2017,January,12,2,45,Winter
2017,January,12,3,4,Winter
2017,January,13,0,1,Winter
2017,January,13,1,8,Winter
2017,January,13,2,46,Winter
2017,January,13,3,4,Winter
2017,January,14,0,1,Winter
2017,January,14,1,25,Winter
2017,January,14,2,73,Winter
2017,January,15,0,2,Winter
2017,January,15,1,14,Winter
2017,January,15,2,30,Winter
2017,January,15,3,2,Winter
2017,January,16,1,118,Winter
2017,January,16,2,32,Winter
2017,January,16,3,4,Winter
2017,January,17,1,35,Winter
2017,January,17,2,23,Winter
2017,January,17,3,1,Winter
2017,January,18,1,103,Winter
2017,January,18,2,31,Winter
2017,January,19,1,28,Winter
2017,January,19,2,57,Winter
2017,January,19,3,3,Winter
2017,January,20,0,1,Winter
2017,January,20,1,6,Winter
2017,January,20,2,43,Winter
2017,January,20,3,3,Winter
2017,January,21,0,1,Winter
2017,January,21,1,16,Winter
2017,January,21,2,57,Winter
2017,January,21,3,4,Winter
2017,January,22,1,24,Winter
2017,January,22,2,44,Winter
2017,January,22,3,1,Winter
2017,January,23,1,34,Winter
2017,January,23,2,33,Winter
2017,January,23,3,1,Winter
2017,January,24,1,40,Winter
2017,January,24,2,23,Winter
2017,January,24,3,3,Winter
2017,January,25,0,1,Winter
2017,January,25,1,53,Winter
2017,January,25,2,38,Winter
2017,January,26,1,22,Winter
2017,January,26,2,57,Winter
2017,January,26,3,3,Winter
2017,January,27,1,28,Winter
2017,January,27,2,89,Winter
2017,January,28,1,4,Winter
2017,January,28,2,66,Winter
2017,January,28,3,6,Winter
2017,January,29,1,16,Winter
2017,January,29,2,39,Winter
2017,January,29,3,1,Winter
2017,January,30,0,1,Winter
2017,January,30,1,42,Winter
2017,January,30,2,35,Winter
2017,January,30,3,7,Winter
2017,January,31,1,41,Winter
2017,January,31,2,20,Winter
2017,January,31,3,2,Winter
2017,July,1,1,15,Summer
2017,July,1,2,90,Summer
2017,July,1,3,9,Summer
2017,July,2,1,7,Summer
2017,July,2,2,75,Summer
2017,July,2,3,10,Summer
2017,July,3,1,20,Summer
2017,July,3,2,72,Summer
2017,July,3,3,18,Summer
2017,July,4,1,24,Summer
2017,July,4,2,113,Summer
2017,July,4,3,8,Summer
2017,July,5,1,19,Summer
2017,July,5,2,45,Summer
2017,July,5,3,6,Summer
2017,July,6,1,27,Summer
2017,July,6,2,94,Summer
2017,July,6,3,15,Summer
2017,July,7,1,5,Summer
2017,July,7,2,90,Summer
2017,July,7,3,7,Summer
2017,July,8,0,1,Summer
2017,July,8,1,5,Summer
2017,July,8,2,79,Summer
2017,July,8,3,10,Summer
2017,July,9,1,9,Summer
2017,July,9,2,111,Summer
2017,July,9,3,10,Summer
2017,July,10,1,15,Summer
2017,July,10,2,95,Summer
2017,July,10,3,9,Summer
2017,July,11,0,1,Summer
2017,July,11,1,21,Summer
2017,July,11,2,82,Summer
2017,July,11,3,8,Summer
2017,July,12,1,24,Summer
2017,July,12,2,73,Summer
2017,July,12,3,16,Summer
2017,July,13,1,26,Summer
2017,July,13,2,115,Summer
2017,July,13,3,6,Summer
2017,July,14,1,4,Summer
2017,July,14,2,71,Summer
2017,July,14,3,6,Summer
2017,July,15,0,2,Summer
2017,July,15,1,19,Summer
2017,July,15,2,125,Summer
2017,July,15,3,16,Summer
2017,July,16,1,10,Summer
2017,July,16,2,82,Summer
2017,July,16,3,10,Summer
2017,July,16,4,1,Summer
2017,July,17,1,10,Summer
2017,July,17,2,85,Summer
2017,July,17,3,19,Summer
2017,July,18,1,12,Summer
2017,July,18,2,80,Summer
2017,July,18,3,8,Summer
2017,July,19,1,9,Summer
2017,July,19,2,56,Summer
2017,July,19,3,8,Summer
2017,July,20,0,1,Summer
2017,July,20,1,7,Summer
2017,July,20,2,63,Summer
2017,July,20,3,17,Summer
2017,July,21,1,4,Summer
2017,July,21,2,79,Summer
2017,July,21,3,12,Summer
2017,July,22,1,31,Summer
2017,July,22,2,86,Summer
2017,July,22,3,7,Summer
2017,July,23,1,7,Summer
2017,July,23,2,69,Summer
2017,July,23,3,18,Summer
2017,July,24,0,2,Summer
2017,July,24,1,16,Summer
2017,July,24,2,104,Summer
2017,July,24,3,19,Summer
2017,July,25,1,9,Summer
2017,July,25,2,67,Summer
2017,July,25,3,16,Summer
2017,July,26,1,10,Summer
2017,July,26,2,64,Summer
2017,July,26,3,7,Summer
2017,July,27,0,3,Summer
2017,July,27,1,7,Summer
2017,July,27,2,86,Summer
2017,July,27,3,4,Summer
2017,July,28,1,2,Summer
2017,July,28,2,77,Summer
2017,July,28,3,6,Summer
2017,July,29,0,1,Summer
2017,July,29,1,5,Summer
2017,July,29,2,96,Summer
2017,July,29,3,8,Summer
2017,July,30,0,1,Summer
2017,July,30,1,7,Summer
2017,July,30,2,70,Summer
2017,July,30,3,12,Summer
2017,July,31,0,1,Summer
2017,July,31,1,12,Summer
2017,July,31,2,84,Summer
2017,July,31,3,14,Summer
2017,June,1,1,26,Summer
2017,June,1,2,83,Summer
2017,June,1,3,18,Summer
2017,June,2,1,9,Summer
2017,June,2,2,120,Summer
2017,June,2,3,8,Summer
2017,June,3,1,10,Summer
2017,June,3,2,104,Summer
2017,June,3,3,7,Summer
2017,June,4,0,2,Summer
2017,June,4,1,9,Summer
2017,June,4,2,82,Summer
2017,June,4,3,3,Summer
2017,June,5,1,27,Summer
2017,June,5,2,83,Summer
2017,June,5,3,5,Summer
2017,June,6,1,30,Summer
2017,June,6,2,62,Summer
2017,June,6,3,1,Summer
2017,June,7,1,30,Summer
2017,June,7,2,50,Summer
2017,June,7,3,5,Summer
2017,June,8,1,26,Summer
2017,June,8,2,79,Summer
2017,June,8,3,15,Summer
2017,June,9,1,13,Summer
2017,June,9,2,103,Summer
2017,June,9,3,10,Summer
2017,June,10,1,10,Summer
2017,June,10,2,83,Summer
2017,June,10,3,3,Summer
2017,June,11,1,20,Summer
2017,June,11,2,103,Summer
2017,June,11,3,8,Summer
2017,June,12,1,22,Summer
2017,June,12,2,79,Summer
2017,June,12,3,6,Summer
2017,June,13,0,2,Summer
2017,June,13,1,16,Summer
2017,June,13,2,63,Summer
2017,June,13,3,2,Summer
2017,June,13,4,1,Summer
2017,June,14,1,9,Summer
2017,June,14,2,80,Summer
2017,June,14,3,4,Summer
2017,June,15,1,12,Summer
2017,June,15,2,97,Summer
2017,June,15,3,10,Summer
2017,June,15,4,1,Summer
2017,June,16,1,15,Summer
2017,June,16,2,75,Summer
2017,June,16,3,3,Summer
2017,June,17,1,4,Summer
2017,June,17,2,99,Summer
2017,June,17,3,5,Summer
2017,June,18,0,1,Summer
2017,June,18,1,10,Summer
2017,June,18,2,74,Summer
2017,June,18,3,5,Summer
2017,June,19,0,1,Summer
2017,June,19,1,21,Summer
2017,June,19,2,84,Summer
2017,June,19,3,5,Summer
2017,June,20,1,31,Summer
2017,June,20,2,70,Summer
2017,June,20,3,4,Summer
2017,June,21,1,18,Summer
2017,June,21,2,59,Summer
2017,June,21,3,3,Summer
2017,June,21,4,1,Summer
2017,June,22,1,13,Summer
2017,June,22,2,91,Summer
2017,June,22,3,4,Summer
2017,June,23,1,15,Summer
2017,June,23,2,84,Summer
2017,June,23,3,4,Summer
2017,June,24,1,6,Summer
2017,June,24,2,79,Summer
2017,June,24,3,7,Summer
2017,June,25,1,20,Summer
2017,June,25,2,108,Summer
2017,June,25,3,3,Summer
2017,June,26,1,9,Summer
2017,June,26,2,88,Summer
2017,June,26,3,4,Summer
2017,June,27,0,1,Summer
2017,June,27,1,28,Summer
2017,June,27,2,76,Summer
2017,June,27,3,5,Summer
2017,June,28,0,2,Summer
2017,June,28,1,33,Summer
2017,June,28,2,75,Summer
2017,June,28,3,5,Summer
2017,June,29,1,14,Summer
2017,June,29,2,68,Summer
2017,June,29,3,10,Summer
2017,June,30,0,1,Summer
2017,June,30,1,12,Summer
2017,June,30,2,96,Summer
2017,June,30,3,8,Summer
2017,March,1,0,3,Spring
2017,March,1,1,30,Spring
2017,March,1,2,65,Spring
2017,March,1,3,6,Spring
2017,March,2,1,58,Spring
2017,March,2,2,116,Spring
2017,March,2,3,5,Spring
2017,March,3,0,1,Spring
2017,March,3,1,24,Spring
2017,March,3,2,66,Spring
2017,March,3,3,5,Spring
2017,March,4,0,1,Spring
2017,March,4,1,5,Spring
2017,March,4,2,49,Spring
2017,March,4,3,3,Spring
2017,March,5,0,1,Spring
2017,March,5,1,31,Spring
2017,March,5,2,93,Spring
2017,March,5,3,4,Spring
2017,March,6,0,1,Spring
2017,March,6,1,42,Spring
2017,March,6,2,78,Spring
2017,March,6,3,4,Spring
2017,March,7,0,2,Spring
2017,March,7,1,34,Spring
2017,March,7,2,59,Spring
2017,March,7,3,2,Spring
2017,March,8,0,1,Spring
2017,March,8,1,29,Spring
2017,March,8,2,40,Spring
2017,March,9,0,2,Spring
2017,March,9,1,35,Spring
2017,March,9,2,70,Spring
2017,March,9,3,5,Spring
2017,March,10,1,14,Spring
2017,March,10,2,109,Spring
2017,March,10,3,8,Spring
2017,March,11,1,20,Spring
2017,March,11,2,80,Spring
2017,March,11,3,3,Spring
2017,March,12,1,20,Spring
2017,March,12,2,60,Spring
2017,March,13,1,52,Spring
2017,March,13,2,78,Spring
2017,March,13,3,2,Spring
2017,March,14,1,50,Spring
2017,March,14,2,57,Spring
2017,March,14,3,2,Spring
2017,March,15,0,1,Spring
2017,March,15,1,66,Spring
2017,March,15,2,38,Spring
2017,March,15,3,4,Spring
2017,March,16,1,32,Spring
2017,March,16,2,83,Spring
2017,March,16,3,5,Spring
2017,March,17,0,1,Spring
2017,March,17,1,8,Spring
2017,March,17,2,82,Spring
2017,March,17,3,5,Spring
2017,March,18,1,10,Spring
2017,March,18,2,72,Spring
2017,March,18,3,7,Spring
2017,March,19,1,24,Spring
2017,March,19,2,93,Spring
2017,March,19,3,2,Spring
2017,March,20,1,48,Spring
2017,March,20,2,87,Spring
2017,March,21,0,2,Spring
2017,March,21,1,26,Spring
2017,March,21,2,42,Spring
2017,March,21,3,2,Spring
2017,March,22,1,24,Spring
2017,March,22,2,35,Spring
2017,March,22,3,3,Spring
2017,March,23,1,34,Spring
2017,March,23,2,51,Spring
2017,March,23,3,5,Spring
2017,March,24,0,3,Spring
2017,March,24,1,48,Spring
2017,March,24,2,77,Spring
2017,March,24,3,3,Spring
2017,March,25,1,5,Spring
2017,March,25,2,80,Spring
2017,March,25,3,7,Spring
2017,March,26,1,15,Spring
2017,March,26,2,73,Spring
2017,March,26,3,5,Spring
2017,March,27,1,20,Spring
2017,March,27,2,92,Spring
2017,March,27,3,2,Spring
2017,March,28,1,17,Spring
2017,March,28,2,47,Spring
2017,March,28,3,3,Spring
2017,March,29,1,46,Spring
2017,March,29,2,83,Spring
2017,March,29,3,1,Spring
2017,March,30,0,2,Spring
2017,March,30,1,35,Spring
2017,March,30,2,82,Spring
2017,March,30,3,5,Spring
2017,March,31,1,30,Spring
2017,March,31,2,91,Spring
2017,March,31,3,8,Spring
2017,March,31,4,1,Spring
2017,May,1,1,15,Spring
2017,May,1,2,100,Spring
2017,May,1,3,2,Spring
2017,May,2,1,33,Spring
2017,May,2,2,96,Spring
2017,May,2,3,3,Spring
2017,May,3,1,27,Spring
2017,May,3,2,64,Spring
2017,May,3,3,1,Spring
2017,May,4,1,17,Spring
2017,May,4,2,85,Spring
2017,May,4,3,6,Spring
2017,May,5,0,1,Spring
2017,May,5,1,10,Spring
2017,May,5,2,117,Spring
2017,May,5,3,7,Spring
2017,May,6,1,6,Spring
2017,May,6,2,96,Spring
2017,May,6,3,5,Spring
2017,May,7,1,16,Spring
2017,May,7,2,71,Spring
2017,May,7,3,1,Spring
2017,May,8,1,45,Spring
2017,May,8,2,89,Spring
2017,May,8,3,3,Spring
2017,May,9,0,1,Spring
2017,May,9,1,51,Spring
2017,May,9,2,89,Spring
2017,May,9,3,2,Spring
2017,May,10,0,1,Spring
2017,May,10,1,28,Spring
2017,May,10,2,56,Spring
2017,May,11,1,16,Spring
2017,May,11,2,100,Spring
2017,May,11,3,11,Spring
2017,May,12,1,10,Spring
2017,May,12,2,83,Spring
2017,May,12,3,3,Spring
2017,May,13,1,11,Spring
2017,May,13,2,90,Spring
2017,May,13,3,5,Spring
2017,May,14,0,2,Spring
2017,May,14,1,50,Spring
2017,May,14,2,74,Spring
2017,May,14,3,3,Spring
2017,May,14,4,1,Spring
2017,May,15,1,43,Spring
2017,May,15,2,77,Spring
2017,May,15,3,2,Spring
2017,May,16,1,23,Spring
2017,May,16,2,68,Spring
2017,May,16,3,1,Spring
2017,May,17,0,1,Spring
2017,May,17,1,34,Spring
2017,May,17,2,71,Spring
2017,May,17,3,5,Spring
2017,May,18,1,20,Spring
2017,May,18,2,95,Spring
2017,May,18,3,3,Spring
2017,May,19,1,17,Spring
2017,May,19,2,68,Spring
2017,May,19,3,6,Spring
2017,May,20,0,1,Spring
2017,May,20,1,17,Spring
2017,May,20,2,92,Spring
2017,May,20,3,3,Spring
2017,May,21,1,20,Spring
2017,May,21,2,80,Spring
2017,May,21,3,3,Spring
2017,May,22,1,37,Spring
2017,May,22,2,85,Spring
2017,May,22,3,5,Spring
2017,May,23,0,1,Spring
2017,May,23,1,45,Spring
2017,May,23,2,66,Spring
2017,May,23,3,4,Spring
2017,May,24,0,1,Spring
2017,May,24,1,42,Spring
2017,May,24,2,108,Spring
2017,May,24,3,5,Spring
2017,May,25,0,1,Spring
2017,May,25,1,22,Spring
2017,May,25,2,152,Spring
2017,May,25,3,15,Spring
2017,May,26,1,6,Spring
2017,May,26,2,89,Spring
2017,May,26,3,4,Spring
2017,May,27,1,9,Spring
2017,May,27,2,65,Spring
2017,May,28,1,15,Spring
2017,May,28,2,115,Spring
2017,May,28,3,7,Spring
2017,May,29,1,31,Spring
2017,May,29,2,77,Spring
2017,May,29,3,7,Spring
2017,May,30,1,29,Spring
2017,May,30,2,53,Spring
2017,May,30,3,8,Spring
2017,May,31,1,29,Spring
2017,May,31,2,61,Spring
2017,May,31,3,4,Spring
